First Name,Last Name,Company,Title,Industry,Email Address
James,Mitchell,Apex Solutions,VP of Sales,Software,james.mitchell@apexsolutions.com
Sarah,Chen,BrightPath Analytics,Head of Marketing,Data Analytics,sarah.chen@brightpath.io
Marcus,Johnson,Volta Energy,CTO,Clean Energy,marcus.johnson@voltaenergy.com
Elena,Rodriguez,NovaCare Health,Director of Operations,Healthcare,elena.rodriguez@novacare.com
David,Kim,Ironbridge Capital,Managing Partner,Finance,david.kim@ironbridgecap.com
Rachel,Thompson,CloudVault Systems,Product Manager,Cybersecurity,rachel.thompson@cloudvault.io
Andre,Williams,GreenLeaf Foods,CEO,Food & Beverage,andre.williams@greenleaffoods.com
Priya,Patel,UrbanFlow Logistics,VP of Engineering,Logistics,priya.patel@urbanflow.com
Thomas,Weber,Stellar Robotics,Chief Revenue Officer,Manufacturing,thomas.weber@stellarrobotics.com
Olivia,Nakamura,PixelForge Studios,Creative Director,Media & Entertainment,olivia.nakamura@pixelforge.co
